Workbook

Sheet 見積書
B3: 御 見 積 書
B5: =IF([1]工事カード!C3="", "", [1]工事カード!C3 & " 御中") | I5: 日付 | J5: =[1]工事カード!C2 -> 0
B6: =[1]工事カード!C18 -> 0
H7: 株式会社 | J7: Mavie Select
D8: 様 | H8: 〒060-0007
H9: 札幌市中央区北7条西22丁目1-12-201
I11: TEL： | J11: 011-699-6492
I12: FAX： | J12: 011-699-6493
B13: 物件名： | D13: =IF([1]工事カード!C20<>"", [1]工事カード!C20, [1]工事カード!C7) -> 0 | F13: =IF([1]工事カード!C22<>"", [1]工事カード!C22, [1]工事カード!C9) -> 0 | G13: =IF([1]工事カード!C9="", "", "号室")
B14: 住所： | D14: =IF([1]工事カード!C24<>"", [1]工事カード!C24, [1]工事カード!C11) -> 0
B17: 下記の通りお見積申し上げます。
B19: 御見積金額 | E19: =K57 -> 0
K21: 単位：円
C22: 名称 | F22: 仕様・規格 | H22: 数量 | I22: 単位 | J22: 単価 | K22: 金額
K23: =SUM(H23*J23) -> 0
K24: =SUM(H24*J24) -> 0
K25: =SUM(H25*J25) -> 0
K26: =SUM(H26*J26) -> 0
K27: =SUM(H27*J27) -> 0
K28: =SUM(H28*J28) -> 0
K29: =SUM(H29*J29) -> 0
K30: =SUM(H30*J30) -> 0
K31: =SUM(H31*J31) -> 0
K32: =SUM(H32*J32) -> 0
K33: =SUM(H33*J33) -> 0
K34: =SUM(H34*J34) -> 0
... K54: =SUM(H54*J54) -> 0
B55: 備考 | I55: 小計 | K55: =SUM(K23:K54) -> 0
I56: 消費税（10％） | K56: =ROUNDDOWN(K55*0.1,0) -> 0
I57: 合計 | K57: =SUM(K55:K56) -> 0
